Ref,Val,Package,PosX,PosY,Rot,Side
"C1","100n","C_0402_1005Metric_Pad0.74x0.62mm_HandSolder",-37.000000,-16.000000,180.000000,bottom
"C2","100n","C_0402_1005Metric_Pad0.74x0.62mm_HandSolder",-40.000000,-16.000000,180.000000,bottom
"C3","100n","C_0402_1005Metric_Pad0.74x0.62mm_HandSolder",-43.000000,-16.000000,180.000000,bottom
"C4","100n","C_0402_1005Metric_Pad0.74x0.62mm_HandSolder",-46.000000,-16.000000,180.000000,bottom
"C5","100n","C_0402_1005Metric_Pad0.74x0.62mm_HandSolder",-49.000000,-16.000000,180.000000,bottom
"C6","100n","C_0402_1005Metric_Pad0.74x0.62mm_HandSolder",-52.000000,-16.000000,180.000000,bottom
"C7","100n","C_0402_1005Metric_Pad0.74x0.62mm_HandSolder",-55.000000,-16.000000,180.000000,bottom
"C8","100n","C_0402_1005Metric_Pad0.74x0.62mm_HandSolder",-58.000000,-16.000000,180.000000,bottom
"C9","100n","C_0402_1005Metric_Pad0.74x0.62mm_HandSolder",-61.000000,-16.000000,180.000000,bottom
"C10","100n","C_0402_1005Metric_Pad0.74x0.62mm_HandSolder",-64.000000,-16.000000,180.000000,bottom
"C11","100n","C_0402_1005Metric_Pad0.74x0.62mm_HandSolder",-67.000000,-16.000000,180.000000,bottom
"C12","100n","C_0402_1005Metric_Pad0.74x0.62mm_HandSolder",-70.000000,-16.000000,180.000000,bottom
"C13","100n","C_0402_1005Metric_Pad0.74x0.62mm_HandSolder",-73.000000,-16.000000,180.000000,bottom
"C14","100n","C_0402_1005Metric_Pad0.74x0.62mm_HandSolder",-76.000000,-16.000000,180.000000,bottom
"C15","100n","C_0402_1005Metric_Pad0.74x0.62mm_HandSolder",-79.000000,-16.000000,180.000000,bottom
"C16","100n","C_0402_1005Metric_Pad0.74x0.62mm_HandSolder",-82.000000,-16.000000,180.000000,bottom
"C17","100n","C_0402_1005Metric_Pad0.74x0.62mm_HandSolder",-85.000000,-16.000000,180.000000,bottom
"C18","100n","C_0402_1005Metric_Pad0.74x0.62mm_HandSolder",-88.000000,-16.000000,180.000000,bottom
"C19","100n","C_0402_1005Metric_Pad0.74x0.62mm_HandSolder",-91.000000,-16.000000,180.000000,bottom
"C20","100n","C_0402_1005Metric_Pad0.74x0.62mm_HandSolder",-94.000000,-16.000000,180.000000,bottom
"C21","100n","C_0402_1005Metric_Pad0.74x0.62mm_HandSolder",-97.000000,-16.000000,180.000000,bottom
"C22","100n","C_0402_1005Metric_Pad0.74x0.62mm_HandSolder",-100.000000,-16.000000,180.000000,bottom
"C23","100n","C_0402_1005Metric_Pad0.74x0.62mm_HandSolder",-103.000000,-16.000000,180.000000,bottom
"C24","100n","C_0402_1005Metric_Pad0.74x0.62mm_HandSolder",-106.000000,-16.000000,180.000000,bottom
"C25","100n","C_0402_1005Metric_Pad0.74x0.62mm_HandSolder",-109.000000,-16.000000,180.000000,bottom
"C26","100n","C_0402_1005Metric_Pad0.74x0.62mm_HandSolder",-37.000000,-19.000000,180.000000,bottom
"C27","100n","C_0402_1005Metric_Pad0.74x0.62mm_HandSolder",-40.000000,-19.000000,180.000000,bottom
"C28","100n","C_0402_1005Metric_Pad0.74x0.62mm_HandSolder",-43.000000,-19.000000,180.000000,bottom
"C29","100n","C_0402_1005Metric_Pad0.74x0.62mm_HandSolder",-46.000000,-19.000000,180.000000,bottom
"C30","100n","C_0402_1005Metric_Pad0.74x0.62mm_HandSolder",-49.000000,-19.000000,180.000000,bottom
"C31","100n","C_0402_1005Metric_Pad0.74x0.62mm_HandSolder",-52.000000,-19.000000,180.000000,bottom
"C32","100n","C_0402_1005Metric_Pad0.74x0.62mm_HandSolder",-55.000000,-19.000000,180.000000,bottom
"C33","100n","C_0402_1005Metric_Pad0.74x0.62mm_HandSolder",-58.000000,-19.000000,180.000000,bottom
"C34","100n","C_0402_1005Metric_Pad0.74x0.62mm_HandSolder",-61.000000,-19.000000,180.000000,bottom
"C35","100n","C_0402_1005Metric_Pad0.74x0.62mm_HandSolder",-64.000000,-19.000000,180.000000,bottom
"C36","100n","C_0402_1005Metric_Pad0.74x0.62mm_HandSolder",-67.000000,-19.000000,180.000000,bottom
"C37","100n","C_0402_1005Metric_Pad0.74x0.62mm_HandSolder",-70.000000,-19.000000,180.000000,bottom
"C38","100n","C_0402_1005Metric_Pad0.74x0.62mm_HandSolder",-73.000000,-19.000000,180.000000,bottom
"C39","100n","C_0402_1005Metric_Pad0.74x0.62mm_HandSolder",-76.000000,-19.000000,180.000000,bottom
"C40","100n","C_0402_1005Metric_Pad0.74x0.62mm_HandSolder",-79.000000,-19.000000,180.000000,bottom
"C41","100n","C_0402_1005Metric_Pad0.74x0.62mm_HandSolder",-82.000000,-19.000000,180.000000,bottom
"C42","100n","C_0402_1005Metric_Pad0.74x0.62mm_HandSolder",-85.000000,-19.000000,180.000000,bottom
"C43","100n","C_0402_1005Metric_Pad0.74x0.62mm_HandSolder",-88.000000,-19.000000,180.000000,bottom
"C44","100n","C_0402_1005Metric_Pad0.74x0.62mm_HandSolder",-91.000000,-19.000000,180.000000,bottom
"C45","100n","C_0402_1005Metric_Pad0.74x0.62mm_HandSolder",-94.000000,-19.000000,180.000000,bottom
"C46","100n","C_0402_1005Metric_Pad0.74x0.62mm_HandSolder",-97.000000,-19.000000,180.000000,bottom
"C47","100n","C_0402_1005Metric_Pad0.74x0.62mm_HandSolder",-100.000000,-19.000000,180.000000,bottom
"C48","100n","C_0402_1005Metric_Pad0.74x0.62mm_HandSolder",-103.000000,-19.000000,180.000000,bottom
"C49","100n","C_0402_1005Metric_Pad0.74x0.62mm_HandSolder",-106.000000,-19.000000,180.000000,bottom
"C50","100n","C_0402_1005Metric_Pad0.74x0.62mm_HandSolder",-109.000000,-19.000000,180.000000,bottom
"C51","100n","C_0402_1005Metric_Pad0.74x0.62mm_HandSolder",-37.000000,-22.000000,180.000000,bottom
"C52","100n","C_0402_1005Metric_Pad0.74x0.62mm_HandSolder",-40.000000,-22.000000,180.000000,bottom
"C53","100n","C_0402_1005Metric_Pad0.74x0.62mm_HandSolder",-43.000000,-22.000000,180.000000,bottom
"C54","100n","C_0402_1005Metric_Pad0.74x0.62mm_HandSolder",-46.000000,-22.000000,180.000000,bottom
"C55","100n","C_0402_1005Metric_Pad0.74x0.62mm_HandSolder",-49.000000,-22.000000,180.000000,bottom
"C56","100n","C_0402_1005Metric_Pad0.74x0.62mm_HandSolder",-52.000000,-22.000000,180.000000,bottom
"C57","100n","C_0402_1005Metric_Pad0.74x0.62mm_HandSolder",-55.000000,-22.000000,180.000000,bottom
"C58","100n","C_0402_1005Metric_Pad0.74x0.62mm_HandSolder",-58.000000,-22.000000,180.000000,bottom
"C59","100n","C_0402_1005Metric_Pad0.74x0.62mm_HandSolder",-61.000000,-22.000000,180.000000,bottom
"C60","100n","C_0402_1005Metric_Pad0.74x0.62mm_HandSolder",-64.000000,-22.000000,180.000000,bottom
"C61","100n","C_0402_1005Metric_Pad0.74x0.62mm_HandSolder",-67.000000,-22.000000,180.000000,bottom
"C62","100n","C_0402_1005Metric_Pad0.74x0.62mm_HandSolder",-70.000000,-22.000000,180.000000,bottom
"C63","100n","C_0402_1005Metric_Pad0.74x0.62mm_HandSolder",-73.000000,-22.000000,180.000000,bottom
"C64","100n","C_0402_1005Metric_Pad0.74x0.62mm_HandSolder",-76.000000,-22.000000,180.000000,bottom
"C65","100n","C_0402_1005Metric_Pad0.74x0.62mm_HandSolder",-79.000000,-22.000000,180.000000,bottom
"C66","100n","C_0402_1005Metric_Pad0.74x0.62mm_HandSolder",-82.000000,-22.000000,180.000000,bottom
"C67","100n","C_0402_1005Metric_Pad0.74x0.62mm_HandSolder",-85.000000,-22.000000,180.000000,bottom
"C68","100n","C_0402_1005Metric_Pad0.74x0.62mm_HandSolder",-88.000000,-22.000000,180.000000,bottom
"C69","100n","C_0402_1005Metric_Pad0.74x0.62mm_HandSolder",-91.000000,-22.000000,180.000000,bottom
"C70","100n","C_0402_1005Metric_Pad0.74x0.62mm_HandSolder",-94.000000,-22.000000,180.000000,bottom
"C71","100n","C_0402_1005Metric_Pad0.74x0.62mm_HandSolder",-97.000000,-22.000000,180.000000,bottom
"C72","100n","C_0402_1005Metric_Pad0.74x0.62mm_HandSolder",-100.000000,-22.000000,180.000000,bottom
"C73","100n","C_0402_1005Metric_Pad0.74x0.62mm_HandSolder",-103.000000,-22.000000,180.000000,bottom
"C74","100n","C_0402_1005Metric_Pad0.74x0.62mm_HandSolder",-106.000000,-22.000000,180.000000,bottom
"C75","100n","C_0402_1005Metric_Pad0.74x0.62mm_HandSolder",-109.000000,-22.000000,180.000000,bottom
"C76","100n","C_0402_1005Metric_Pad0.74x0.62mm_HandSolder",-37.000000,-25.000000,180.000000,bottom
"C77","100n","C_0402_1005Metric_Pad0.74x0.62mm_HandSolder",-40.000000,-25.000000,180.000000,bottom
"C78","100n","C_0402_1005Metric_Pad0.74x0.62mm_HandSolder",-43.000000,-25.000000,180.000000,bottom
"C79","100n","C_0402_1005Metric_Pad0.74x0.62mm_HandSolder",-46.000000,-25.000000,180.000000,bottom
"C80","100n","C_0402_1005Metric_Pad0.74x0.62mm_HandSolder",-49.000000,-25.000000,180.000000,bottom
"C81","100n","C_0402_1005Metric_Pad0.74x0.62mm_HandSolder",-52.000000,-25.000000,180.000000,bottom
"C82","100n","C_0402_1005Metric_Pad0.74x0.62mm_HandSolder",-55.000000,-25.000000,180.000000,bottom
"C83","100n","C_0402_1005Metric_Pad0.74x0.62mm_HandSolder",-58.000000,-25.000000,180.000000,bottom
"C84","100n","C_0402_1005Metric_Pad0.74x0.62mm_HandSolder",-61.000000,-25.000000,180.000000,bottom
"C85","100n","C_0402_1005Metric_Pad0.74x0.62mm_HandSolder",-64.000000,-25.000000,180.000000,bottom
"C86","100n","C_0402_1005Metric_Pad0.74x0.62mm_HandSolder",-67.000000,-25.000000,180.000000,bottom
"C87","100n","C_0402_1005Metric_Pad0.74x0.62mm_HandSolder",-70.000000,-25.000000,180.000000,bottom
"C88","100n","C_0402_1005Metric_Pad0.74x0.62mm_HandSolder",-73.000000,-25.000000,180.000000,bottom
"C89","100n","C_0402_1005Metric_Pad0.74x0.62mm_HandSolder",-76.000000,-25.000000,180.000000,bottom
"C90","100n","C_0402_1005Metric_Pad0.74x0.62mm_HandSolder",-79.000000,-25.000000,180.000000,bottom
"C91","100n","C_0402_1005Metric_Pad0.74x0.62mm_HandSolder",-82.000000,-25.000000,180.000000,bottom
"C92","100n","C_0402_1005Metric_Pad0.74x0.62mm_HandSolder",-85.000000,-25.000000,180.000000,bottom
"C93","100n","C_0402_1005Metric_Pad0.74x0.62mm_HandSolder",-88.000000,-25.000000,180.000000,bottom
"C94","100n","C_0402_1005Metric_Pad0.74x0.62mm_HandSolder",-91.000000,-25.000000,180.000000,bottom
"C95","100n","C_0402_1005Metric_Pad0.74x0.62mm_HandSolder",-94.000000,-25.000000,180.000000,bottom
"C96","100n","C_0402_1005Metric_Pad0.74x0.62mm_HandSolder",-97.000000,-25.000000,180.000000,bottom
"C97","100n","C_0402_1005Metric_Pad0.74x0.62mm_HandSolder",-100.000000,-25.000000,180.000000,bottom
"C98","100n","C_0402_1005Metric_Pad0.74x0.62mm_HandSolder",-103.000000,-25.000000,180.000000,bottom
"C99","100n","C_0402_1005Metric_Pad0.74x0.62mm_HandSolder",-106.000000,-25.000000,180.000000,bottom
"C100","100n","C_0402_1005Metric_Pad0.74x0.62mm_HandSolder",-109.000000,-25.000000,180.000000,bottom
"C101","100n","C_0402_1005Metric_Pad0.74x0.62mm_HandSolder",-37.000000,-28.000000,180.000000,bottom
"C102","100n","C_0402_1005Metric_Pad0.74x0.62mm_HandSolder",-40.000000,-28.000000,180.000000,bottom
"C103","100n","C_0402_1005Metric_Pad0.74x0.62mm_HandSolder",-43.000000,-28.000000,180.000000,bottom
"C104","100n","C_0402_1005Metric_Pad0.74x0.62mm_HandSolder",-46.000000,-28.000000,180.000000,bottom
"C105","100n","C_0402_1005Metric_Pad0.74x0.62mm_HandSolder",-49.000000,-28.000000,180.000000,bottom
"C106","100n","C_0402_1005Metric_Pad0.74x0.62mm_HandSolder",-52.000000,-28.000000,180.000000,bottom
"C107","100n","C_0402_1005Metric_Pad0.74x0.62mm_HandSolder",-55.000000,-28.000000,180.000000,bottom
"C108","100n","C_0402_1005Metric_Pad0.74x0.62mm_HandSolder",-58.000000,-28.000000,180.000000,bottom
"C109","100n","C_0402_1005Metric_Pad0.74x0.62mm_HandSolder",-61.000000,-28.000000,180.000000,bottom
"C110","100n","C_0402_1005Metric_Pad0.74x0.62mm_HandSolder",-64.000000,-28.000000,180.000000,bottom
"C111","100n","C_0402_1005Metric_Pad0.74x0.62mm_HandSolder",-67.000000,-28.000000,180.000000,bottom
"C112","100n","C_0402_1005Metric_Pad0.74x0.62mm_HandSolder",-70.000000,-28.000000,180.000000,bottom
"C113","100n","C_0402_1005Metric_Pad0.74x0.62mm_HandSolder",-73.000000,-28.000000,180.000000,bottom
"C114","100n","C_0402_1005Metric_Pad0.74x0.62mm_HandSolder",-76.000000,-28.000000,180.000000,bottom
"C115","100n","C_0402_1005Metric_Pad0.74x0.62mm_HandSolder",-79.000000,-28.000000,180.000000,bottom
"C116","100n","C_0402_1005Metric_Pad0.74x0.62mm_HandSolder",-82.000000,-28.000000,180.000000,bottom
"C117","100n","C_0402_1005Metric_Pad0.74x0.62mm_HandSolder",-85.000000,-28.000000,180.000000,bottom
"C118","100n","C_0402_1005Metric_Pad0.74x0.62mm_HandSolder",-88.000000,-28.000000,180.000000,bottom
"C119","100n","C_0402_1005Metric_Pad0.74x0.62mm_HandSolder",-91.000000,-28.000000,180.000000,bottom
"C120","100n","C_0402_1005Metric_Pad0.74x0.62mm_HandSolder",-94.000000,-28.000000,180.000000,bottom
"C121","100n","C_0402_1005Metric_Pad0.74x0.62mm_HandSolder",-97.000000,-28.000000,180.000000,bottom
"C122","100n","C_0402_1005Metric_Pad0.74x0.62mm_HandSolder",-100.000000,-28.000000,180.000000,bottom
"C123","100n","C_0402_1005Metric_Pad0.74x0.62mm_HandSolder",-103.000000,-28.000000,180.000000,bottom
"C124","100n","C_0402_1005Metric_Pad0.74x0.62mm_HandSolder",-106.000000,-28.000000,180.000000,bottom
"C125","100n","C_0402_1005Metric_Pad0.74x0.62mm_HandSolder",-109.000000,-28.000000,180.000000,bottom
"C126","100n","C_0402_1005Metric_Pad0.74x0.62mm_HandSolder",-37.000000,-31.000000,180.000000,bottom
"C127","100n","C_0402_1005Metric_Pad0.74x0.62mm_HandSolder",-40.000000,-31.000000,180.000000,bottom
"C128","100n","C_0402_1005Metric_Pad0.74x0.62mm_HandSolder",-43.000000,-31.000000,180.000000,bottom
"C129","100n","C_0402_1005Metric_Pad0.74x0.62mm_HandSolder",-46.000000,-31.000000,180.000000,bottom
"C130","100n","C_0402_1005Metric_Pad0.74x0.62mm_HandSolder",-49.000000,-31.000000,180.000000,bottom
"C131","100n","C_0402_1005Metric_Pad0.74x0.62mm_HandSolder",-52.000000,-31.000000,180.000000,bottom
"C132","100n","C_0402_1005Metric_Pad0.74x0.62mm_HandSolder",-55.000000,-31.000000,180.000000,bottom
"C133","100n","C_0402_1005Metric_Pad0.74x0.62mm_HandSolder",-58.000000,-31.000000,180.000000,bottom
"C134","100n","C_0402_1005Metric_Pad0.74x0.62mm_HandSolder",-61.000000,-31.000000,180.000000,bottom
"C135","100n","C_0402_1005Metric_Pad0.74x0.62mm_HandSolder",-64.000000,-31.000000,180.000000,bottom
"C136","100n","C_0402_1005Metric_Pad0.74x0.62mm_HandSolder",-67.000000,-31.000000,180.000000,bottom
"C137","100n","C_0402_1005Metric_Pad0.74x0.62mm_HandSolder",-70.000000,-31.000000,180.000000,bottom
"C138","100n","C_0402_1005Metric_Pad0.74x0.62mm_HandSolder",-73.000000,-31.000000,180.000000,bottom
"C139","100n","C_0402_1005Metric_Pad0.74x0.62mm_HandSolder",-76.000000,-31.000000,180.000000,bottom
"C140","100n","C_0402_1005Metric_Pad0.74x0.62mm_HandSolder",-79.000000,-31.000000,180.000000,bottom
"C141","100n","C_0402_1005Metric_Pad0.74x0.62mm_HandSolder",-82.000000,-31.000000,180.000000,bottom
"C142","100n","C_0402_1005Metric_Pad0.74x0.62mm_HandSolder",-85.000000,-31.000000,180.000000,bottom
"C143","100n","C_0402_1005Metric_Pad0.74x0.62mm_HandSolder",-88.000000,-31.000000,180.000000,bottom
"C144","100n","C_0402_1005Metric_Pad0.74x0.62mm_HandSolder",-91.000000,-31.000000,180.000000,bottom
"C145","100n","C_0402_1005Metric_Pad0.74x0.62mm_HandSolder",-94.000000,-31.000000,180.000000,bottom
"C146","100n","C_0402_1005Metric_Pad0.74x0.62mm_HandSolder",-97.000000,-31.000000,180.000000,bottom
"C147","100n","C_0402_1005Metric_Pad0.74x0.62mm_HandSolder",-100.000000,-31.000000,180.000000,bottom
"C148","100n","C_0402_1005Metric_Pad0.74x0.62mm_HandSolder",-103.000000,-31.000000,180.000000,bottom
"C149","100n","C_0402_1005Metric_Pad0.74x0.62mm_HandSolder",-106.000000,-31.000000,180.000000,bottom
"C150","100n","C_0402_1005Metric_Pad0.74x0.62mm_HandSolder",-109.000000,-31.000000,180.000000,bottom
"C151","100n","C_0402_1005Metric_Pad0.74x0.62mm_HandSolder",-37.000000,-34.000000,180.000000,bottom
"C152","100n","C_0402_1005Metric_Pad0.74x0.62mm_HandSolder",-40.000000,-34.000000,180.000000,bottom
"C153","100n","C_0402_1005Metric_Pad0.74x0.62mm_HandSolder",-43.000000,-34.000000,180.000000,bottom
"C154","100n","C_0402_1005Metric_Pad0.74x0.62mm_HandSolder",-46.000000,-34.000000,180.000000,bottom
"C155","100n","C_0402_1005Metric_Pad0.74x0.62mm_HandSolder",-49.000000,-34.000000,180.000000,bottom
"C156","100n","C_0402_1005Metric_Pad0.74x0.62mm_HandSolder",-52.000000,-34.000000,180.000000,bottom
"C157","100n","C_0402_1005Metric_Pad0.74x0.62mm_HandSolder",-55.000000,-34.000000,180.000000,bottom
"C158","100n","C_0402_1005Metric_Pad0.74x0.62mm_HandSolder",-58.000000,-34.000000,180.000000,bottom
"C159","100n","C_0402_1005Metric_Pad0.74x0.62mm_HandSolder",-61.000000,-34.000000,180.000000,bottom
"C160","100n","C_0402_1005Metric_Pad0.74x0.62mm_HandSolder",-64.000000,-34.000000,180.000000,bottom
"C161","100n","C_0402_1005Metric_Pad0.74x0.62mm_HandSolder",-67.000000,-34.000000,180.000000,bottom
"C162","100n","C_0402_1005Metric_Pad0.74x0.62mm_HandSolder",-70.000000,-34.000000,180.000000,bottom
"C163","100n","C_0402_1005Metric_Pad0.74x0.62mm_HandSolder",-73.000000,-34.000000,180.000000,bottom
"C164","100n","C_0402_1005Metric_Pad0.74x0.62mm_HandSolder",-76.000000,-34.000000,180.000000,bottom
"C165","100n","C_0402_1005Metric_Pad0.74x0.62mm_HandSolder",-79.000000,-34.000000,180.000000,bottom
"C166","100n","C_0402_1005Metric_Pad0.74x0.62mm_HandSolder",-82.000000,-34.000000,180.000000,bottom
"C167","100n","C_0402_1005Metric_Pad0.74x0.62mm_HandSolder",-85.000000,-34.000000,180.000000,bottom
"C168","100n","C_0402_1005Metric_Pad0.74x0.62mm_HandSolder",-88.000000,-34.000000,180.000000,bottom
"C169","100n","C_0402_1005Metric_Pad0.74x0.62mm_HandSolder",-91.000000,-34.000000,180.000000,bottom
"C170","100n","C_0402_1005Metric_Pad0.74x0.62mm_HandSolder",-94.000000,-34.000000,180.000000,bottom
"C171","100n","C_0402_1005Metric_Pad0.74x0.62mm_HandSolder",-97.000000,-34.000000,180.000000,bottom
"C172","100n","C_0402_1005Metric_Pad0.74x0.62mm_HandSolder",-100.000000,-34.000000,180.000000,bottom
"C173","100n","C_0402_1005Metric_Pad0.74x0.62mm_HandSolder",-103.000000,-34.000000,180.000000,bottom
"C174","100n","C_0402_1005Metric_Pad0.74x0.62mm_HandSolder",-106.000000,-34.000000,180.000000,bottom
"C175","100n","C_0402_1005Metric_Pad0.74x0.62mm_HandSolder",-109.000000,-34.000000,180.000000,bottom
"C176","100n","C_0402_1005Metric_Pad0.74x0.62mm_HandSolder",-37.000000,-37.000000,180.000000,bottom
"C177","100n","C_0402_1005Metric_Pad0.74x0.62mm_HandSolder",-40.000000,-37.000000,180.000000,bottom
"C178","100n","C_0402_1005Metric_Pad0.74x0.62mm_HandSolder",-43.000000,-37.000000,180.000000,bottom
"C179","100n","C_0402_1005Metric_Pad0.74x0.62mm_HandSolder",-46.000000,-37.000000,180.000000,bottom
"C180","100n","C_0402_1005Metric_Pad0.74x0.62mm_HandSolder",-49.000000,-37.000000,180.000000,bottom
"C181","100n","C_0402_1005Metric_Pad0.74x0.62mm_HandSolder",-52.000000,-37.000000,180.000000,bottom
"C182","100n","C_0402_1005Metric_Pad0.74x0.62mm_HandSolder",-55.000000,-37.000000,180.000000,bottom
"C183","100n","C_0402_1005Metric_Pad0.74x0.62mm_HandSolder",-58.000000,-37.000000,180.000000,bottom
"C184","100n","C_0402_1005Metric_Pad0.74x0.62mm_HandSolder",-61.000000,-37.000000,180.000000,bottom
"C185","100n","C_0402_1005Metric_Pad0.74x0.62mm_HandSolder",-64.000000,-37.000000,180.000000,bottom
"C186","100n","C_0402_1005Metric_Pad0.74x0.62mm_HandSolder",-67.000000,-37.000000,180.000000,bottom
"C187","100n","C_0402_1005Metric_Pad0.74x0.62mm_HandSolder",-70.000000,-37.000000,180.000000,bottom
"C188","100n","C_0402_1005Metric_Pad0.74x0.62mm_HandSolder",-73.000000,-37.000000,180.000000,bottom
"C189","100n","C_0402_1005Metric_Pad0.74x0.62mm_HandSolder",-76.000000,-37.000000,180.000000,bottom
"C190","100n","C_0402_1005Metric_Pad0.74x0.62mm_HandSolder",-79.000000,-37.000000,180.000000,bottom
"C191","100n","C_0402_1005Metric_Pad0.74x0.62mm_HandSolder",-82.000000,-37.000000,180.000000,bottom
"C192","100n","C_0402_1005Metric_Pad0.74x0.62mm_HandSolder",-85.000000,-37.000000,180.000000,bottom
"C193","100n","C_0402_1005Metric_Pad0.74x0.62mm_HandSolder",-88.000000,-37.000000,180.000000,bottom
"C194","100n","C_0402_1005Metric_Pad0.74x0.62mm_HandSolder",-91.000000,-37.000000,180.000000,bottom
"C195","100n","C_0402_1005Metric_Pad0.74x0.62mm_HandSolder",-94.000000,-37.000000,180.000000,bottom
"C196","100n","C_0402_1005Metric_Pad0.74x0.62mm_HandSolder",-97.000000,-37.000000,180.000000,bottom
"C197","100n","C_0402_1005Metric_Pad0.74x0.62mm_HandSolder",-100.000000,-37.000000,180.000000,bottom
"C198","100n","C_0402_1005Metric_Pad0.74x0.62mm_HandSolder",-103.000000,-37.000000,180.000000,bottom
"C199","100n","C_0402_1005Metric_Pad0.74x0.62mm_HandSolder",-106.000000,-37.000000,180.000000,bottom
"C200","100n","C_0402_1005Metric_Pad0.74x0.62mm_HandSolder",-109.000000,-37.000000,180.000000,bottom
"C201","100n","C_0402_1005Metric_Pad0.74x0.62mm_HandSolder",-37.000000,-40.000000,180.000000,bottom
"C202","100n","C_0402_1005Metric_Pad0.74x0.62mm_HandSolder",-40.000000,-40.000000,180.000000,bottom
"C203","100n","C_0402_1005Metric_Pad0.74x0.62mm_HandSolder",-43.000000,-40.000000,180.000000,bottom
"C204","100n","C_0402_1005Metric_Pad0.74x0.62mm_HandSolder",-46.000000,-40.000000,180.000000,bottom
"C205","100n","C_0402_1005Metric_Pad0.74x0.62mm_HandSolder",-49.000000,-40.000000,180.000000,bottom
"C206","100n","C_0402_1005Metric_Pad0.74x0.62mm_HandSolder",-52.000000,-40.000000,180.000000,bottom
"C207","100n","C_0402_1005Metric_Pad0.74x0.62mm_HandSolder",-55.000000,-40.000000,180.000000,bottom
"C208","100n","C_0402_1005Metric_Pad0.74x0.62mm_HandSolder",-58.000000,-40.000000,180.000000,bottom
"C209","100n","C_0402_1005Metric_Pad0.74x0.62mm_HandSolder",-61.000000,-40.000000,180.000000,bottom
"C210","100n","C_0402_1005Metric_Pad0.74x0.62mm_HandSolder",-64.000000,-40.000000,180.000000,bottom
"C211","100n","C_0402_1005Metric_Pad0.74x0.62mm_HandSolder",-67.000000,-40.000000,180.000000,bottom
"C212","100n","C_0402_1005Metric_Pad0.74x0.62mm_HandSolder",-70.000000,-40.000000,180.000000,bottom
"C213","100n","C_0402_1005Metric_Pad0.74x0.62mm_HandSolder",-73.000000,-40.000000,180.000000,bottom
"C214","100n","C_0402_1005Metric_Pad0.74x0.62mm_HandSolder",-76.000000,-40.000000,180.000000,bottom
"C215","100n","C_0402_1005Metric_Pad0.74x0.62mm_HandSolder",-79.000000,-40.000000,180.000000,bottom
"C216","100n","C_0402_1005Metric_Pad0.74x0.62mm_HandSolder",-82.000000,-40.000000,180.000000,bottom
"C217","100n","C_0402_1005Metric_Pad0.74x0.62mm_HandSolder",-85.000000,-40.000000,180.000000,bottom
"C218","100n","C_0402_1005Metric_Pad0.74x0.62mm_HandSolder",-88.000000,-40.000000,180.000000,bottom
"C219","100n","C_0402_1005Metric_Pad0.74x0.62mm_HandSolder",-91.000000,-40.000000,180.000000,bottom
"C220","100n","C_0402_1005Metric_Pad0.74x0.62mm_HandSolder",-94.000000,-40.000000,180.000000,bottom
"C221","100n","C_0402_1005Metric_Pad0.74x0.62mm_HandSolder",-97.000000,-40.000000,180.000000,bottom
"C222","100n","C_0402_1005Metric_Pad0.74x0.62mm_HandSolder",-100.000000,-40.000000,180.000000,bottom
"C223","100n","C_0402_1005Metric_Pad0.74x0.62mm_HandSolder",-103.000000,-40.000000,180.000000,bottom
"C224","100n","C_0402_1005Metric_Pad0.74x0.62mm_HandSolder",-106.000000,-40.000000,180.000000,bottom
"C225","100n","C_0402_1005Metric_Pad0.74x0.62mm_HandSolder",-109.000000,-40.000000,180.000000,bottom
"C226","100n","C_0402_1005Metric_Pad0.74x0.62mm_HandSolder",-37.000000,-43.000000,180.000000,bottom
"C227","100n","C_0402_1005Metric_Pad0.74x0.62mm_HandSolder",-40.000000,-43.000000,180.000000,bottom
"C228","100n","C_0402_1005Metric_Pad0.74x0.62mm_HandSolder",-43.000000,-43.000000,180.000000,bottom
"C229","100n","C_0402_1005Metric_Pad0.74x0.62mm_HandSolder",-46.000000,-43.000000,180.000000,bottom
"C230","100n","C_0402_1005Metric_Pad0.74x0.62mm_HandSolder",-49.000000,-43.000000,180.000000,bottom
"C231","100n","C_0402_1005Metric_Pad0.74x0.62mm_HandSolder",-52.000000,-43.000000,180.000000,bottom
"C232","100n","C_0402_1005Metric_Pad0.74x0.62mm_HandSolder",-55.000000,-43.000000,180.000000,bottom
"C233","100n","C_0402_1005Metric_Pad0.74x0.62mm_HandSolder",-58.000000,-43.000000,180.000000,bottom
"C234","100n","C_0402_1005Metric_Pad0.74x0.62mm_HandSolder",-61.000000,-43.000000,180.000000,bottom
"C235","100n","C_0402_1005Metric_Pad0.74x0.62mm_HandSolder",-64.000000,-43.000000,180.000000,bottom
"C236","100n","C_0402_1005Metric_Pad0.74x0.62mm_HandSolder",-67.000000,-43.000000,180.000000,bottom
"C237","100n","C_0402_1005Metric_Pad0.74x0.62mm_HandSolder",-70.000000,-43.000000,180.000000,bottom
"C238","100n","C_0402_1005Metric_Pad0.74x0.62mm_HandSolder",-73.000000,-43.000000,180.000000,bottom
"C239","100n","C_0402_1005Metric_Pad0.74x0.62mm_HandSolder",-76.000000,-43.000000,180.000000,bottom
"C240","100n","C_0402_1005Metric_Pad0.74x0.62mm_HandSolder",-79.000000,-43.000000,180.000000,bottom
"C241","100n","C_0402_1005Metric_Pad0.74x0.62mm_HandSolder",-82.000000,-43.000000,180.000000,bottom
"C242","100n","C_0402_1005Metric_Pad0.74x0.62mm_HandSolder",-85.000000,-43.000000,180.000000,bottom
"C243","100n","C_0402_1005Metric_Pad0.74x0.62mm_HandSolder",-88.000000,-43.000000,180.000000,bottom
"C244","100n","C_0402_1005Metric_Pad0.74x0.62mm_HandSolder",-91.000000,-43.000000,180.000000,bottom
"C245","100n","C_0402_1005Metric_Pad0.74x0.62mm_HandSolder",-94.000000,-43.000000,180.000000,bottom
"C246","100n","C_0402_1005Metric_Pad0.74x0.62mm_HandSolder",-97.000000,-43.000000,180.000000,bottom
"C247","100n","C_0402_1005Metric_Pad0.74x0.62mm_HandSolder",-100.000000,-43.000000,180.000000,bottom
"C248","100n","C_0402_1005Metric_Pad0.74x0.62mm_HandSolder",-103.000000,-43.000000,180.000000,bottom
"C249","100n","C_0402_1005Metric_Pad0.74x0.62mm_HandSolder",-106.000000,-43.000000,180.000000,bottom
"C250","100n","C_0402_1005Metric_Pad0.74x0.62mm_HandSolder",-109.000000,-43.000000,180.000000,bottom
"C251","100n","C_0402_1005Metric_Pad0.74x0.62mm_HandSolder",-37.000000,-46.000000,180.000000,bottom
"C252","100n","C_0402_1005Metric_Pad0.74x0.62mm_HandSolder",-40.000000,-46.000000,180.000000,bottom
"C253","100n","C_0402_1005Metric_Pad0.74x0.62mm_HandSolder",-43.000000,-46.000000,180.000000,bottom
"C254","100n","C_0402_1005Metric_Pad0.74x0.62mm_HandSolder",-46.000000,-46.000000,180.000000,bottom
"C255","100n","C_0402_1005Metric_Pad0.74x0.62mm_HandSolder",-49.000000,-46.000000,180.000000,bottom
"C256","100n","C_0402_1005Metric_Pad0.74x0.62mm_HandSolder",-52.000000,-46.000000,180.000000,bottom
"C257","100n","C_0402_1005Metric_Pad0.74x0.62mm_HandSolder",-55.000000,-46.000000,180.000000,bottom
"C258","100n","C_0402_1005Metric_Pad0.74x0.62mm_HandSolder",-58.000000,-46.000000,180.000000,bottom
"C259","100n","C_0402_1005Metric_Pad0.74x0.62mm_HandSolder",-61.000000,-46.000000,180.000000,bottom
"C260","100n","C_0402_1005Metric_Pad0.74x0.62mm_HandSolder",-64.000000,-46.000000,180.000000,bottom
"C261","100n","C_0402_1005Metric_Pad0.74x0.62mm_HandSolder",-67.000000,-46.000000,180.000000,bottom
"C262","100n","C_0402_1005Metric_Pad0.74x0.62mm_HandSolder",-70.000000,-46.000000,180.000000,bottom
"C263","100n","C_0402_1005Metric_Pad0.74x0.62mm_HandSolder",-73.000000,-46.000000,180.000000,bottom
"C264","100n","C_0402_1005Metric_Pad0.74x0.62mm_HandSolder",-76.000000,-46.000000,180.000000,bottom
"C265","100n","C_0402_1005Metric_Pad0.74x0.62mm_HandSolder",-79.000000,-46.000000,180.000000,bottom
"C266","100n","C_0402_1005Metric_Pad0.74x0.62mm_HandSolder",-82.000000,-46.000000,180.000000,bottom
"C267","100n","C_0402_1005Metric_Pad0.74x0.62mm_HandSolder",-85.000000,-46.000000,180.000000,bottom
"C268","100n","C_0402_1005Metric_Pad0.74x0.62mm_HandSolder",-88.000000,-46.000000,180.000000,bottom
"C269","100n","C_0402_1005Metric_Pad0.74x0.62mm_HandSolder",-91.000000,-46.000000,180.000000,bottom
"C270","100n","C_0402_1005Metric_Pad0.74x0.62mm_HandSolder",-94.000000,-46.000000,180.000000,bottom
"C271","100n","C_0402_1005Metric_Pad0.74x0.62mm_HandSolder",-97.000000,-46.000000,180.000000,bottom
"C272","100n","C_0402_1005Metric_Pad0.74x0.62mm_HandSolder",-100.000000,-46.000000,180.000000,bottom
"C273","100n","C_0402_1005Metric_Pad0.74x0.62mm_HandSolder",-103.000000,-46.000000,180.000000,bottom
"C274","100n","C_0402_1005Metric_Pad0.74x0.62mm_HandSolder",-106.000000,-46.000000,180.000000,bottom
"C275","100n","C_0402_1005Metric_Pad0.74x0.62mm_HandSolder",-109.000000,-46.000000,180.000000,bottom
"C276","100n","C_0402_1005Metric_Pad0.74x0.62mm_HandSolder",-37.000000,-49.000000,180.000000,bottom
"C277","100n","C_0402_1005Metric_Pad0.74x0.62mm_HandSolder",-40.000000,-49.000000,180.000000,bottom
"C278","100n","C_0402_1005Metric_Pad0.74x0.62mm_HandSolder",-43.000000,-49.000000,180.000000,bottom
"C279","100n","C_0402_1005Metric_Pad0.74x0.62mm_HandSolder",-46.000000,-49.000000,180.000000,bottom
"C280","100n","C_0402_1005Metric_Pad0.74x0.62mm_HandSolder",-49.000000,-49.000000,180.000000,bottom
"C281","100n","C_0402_1005Metric_Pad0.74x0.62mm_HandSolder",-52.000000,-49.000000,180.000000,bottom
"C282","100n","C_0402_1005Metric_Pad0.74x0.62mm_HandSolder",-55.000000,-49.000000,180.000000,bottom
"C283","100n","C_0402_1005Metric_Pad0.74x0.62mm_HandSolder",-58.000000,-49.000000,180.000000,bottom
"C284","100n","C_0402_1005Metric_Pad0.74x0.62mm_HandSolder",-61.000000,-49.000000,180.000000,bottom
"C285","100n","C_0402_1005Metric_Pad0.74x0.62mm_HandSolder",-64.000000,-49.000000,180.000000,bottom
"C286","100n","C_0402_1005Metric_Pad0.74x0.62mm_HandSolder",-67.000000,-49.000000,180.000000,bottom
"C287","100n","C_0402_1005Metric_Pad0.74x0.62mm_HandSolder",-70.000000,-49.000000,180.000000,bottom
"C288","100n","C_0402_1005Metric_Pad0.74x0.62mm_HandSolder",-73.000000,-49.000000,180.000000,bottom
"C289","100n","C_0402_1005Metric_Pad0.74x0.62mm_HandSolder",-76.000000,-49.000000,180.000000,bottom
"C290","100n","C_0402_1005Metric_Pad0.74x0.62mm_HandSolder",-79.000000,-49.000000,180.000000,bottom
"C291","100n","C_0402_1005Metric_Pad0.74x0.62mm_HandSolder",-82.000000,-49.000000,180.000000,bottom
"C292","100n","C_0402_1005Metric_Pad0.74x0.62mm_HandSolder",-85.000000,-49.000000,180.000000,bottom
"C293","100n","C_0402_1005Metric_Pad0.74x0.62mm_HandSolder",-88.000000,-49.000000,180.000000,bottom
"C294","100n","C_0402_1005Metric_Pad0.74x0.62mm_HandSolder",-91.000000,-49.000000,180.000000,bottom
"C295","100n","C_0402_1005Metric_Pad0.74x0.62mm_HandSolder",-94.000000,-49.000000,180.000000,bottom
"C296","100n","C_0402_1005Metric_Pad0.74x0.62mm_HandSolder",-97.000000,-49.000000,180.000000,bottom
"C297","100n","C_0402_1005Metric_Pad0.74x0.62mm_HandSolder",-100.000000,-49.000000,180.000000,bottom
"C298","100n","C_0402_1005Metric_Pad0.74x0.62mm_HandSolder",-103.000000,-49.000000,180.000000,bottom
"C299","100n","C_0402_1005Metric_Pad0.74x0.62mm_HandSolder",-106.000000,-49.000000,180.000000,bottom
"C300","100n","C_0402_1005Metric_Pad0.74x0.62mm_HandSolder",-109.000000,-49.000000,180.000000,bottom
"C301","100n","C_0402_1005Metric_Pad0.74x0.62mm_HandSolder",-37.000000,-52.000000,180.000000,bottom
"C302","100n","C_0402_1005Metric_Pad0.74x0.62mm_HandSolder",-40.000000,-52.000000,180.000000,bottom
"C303","100n","C_0402_1005Metric_Pad0.74x0.62mm_HandSolder",-43.000000,-52.000000,180.000000,bottom
"C304","100n","C_0402_1005Metric_Pad0.74x0.62mm_HandSolder",-46.000000,-52.000000,180.000000,bottom
"C305","100n","C_0402_1005Metric_Pad0.74x0.62mm_HandSolder",-49.000000,-52.000000,180.000000,bottom
"C306","100n","C_0402_1005Metric_Pad0.74x0.62mm_HandSolder",-52.000000,-52.000000,180.000000,bottom
"C307","100n","C_0402_1005Metric_Pad0.74x0.62mm_HandSolder",-55.000000,-52.000000,180.000000,bottom
"C308","100n","C_0402_1005Metric_Pad0.74x0.62mm_HandSolder",-58.000000,-52.000000,180.000000,bottom
"C309","100n","C_0402_1005Metric_Pad0.74x0.62mm_HandSolder",-61.000000,-52.000000,180.000000,bottom
"C310","100n","C_0402_1005Metric_Pad0.74x0.62mm_HandSolder",-64.000000,-52.000000,180.000000,bottom
"C311","100n","C_0402_1005Metric_Pad0.74x0.62mm_HandSolder",-67.000000,-52.000000,180.000000,bottom
"C312","100n","C_0402_1005Metric_Pad0.74x0.62mm_HandSolder",-70.000000,-52.000000,180.000000,bottom
"C313","100n","C_0402_1005Metric_Pad0.74x0.62mm_HandSolder",-73.000000,-52.000000,180.000000,bottom
"C314","100n","C_0402_1005Metric_Pad0.74x0.62mm_HandSolder",-76.000000,-52.000000,180.000000,bottom
"C315","100n","C_0402_1005Metric_Pad0.74x0.62mm_HandSolder",-79.000000,-52.000000,180.000000,bottom
"C316","100n","C_0402_1005Metric_Pad0.74x0.62mm_HandSolder",-82.000000,-52.000000,180.000000,bottom
"C317","100n","C_0402_1005Metric_Pad0.74x0.62mm_HandSolder",-85.000000,-52.000000,180.000000,bottom
"C318","100n","C_0402_1005Metric_Pad0.74x0.62mm_HandSolder",-88.000000,-52.000000,180.000000,bottom
"C319","100n","C_0402_1005Metric_Pad0.74x0.62mm_HandSolder",-91.000000,-52.000000,180.000000,bottom
"C320","100n","C_0402_1005Metric_Pad0.74x0.62mm_HandSolder",-94.000000,-52.000000,180.000000,bottom
"C321","100n","C_0402_1005Metric_Pad0.74x0.62mm_HandSolder",-97.000000,-52.000000,180.000000,bottom
"C322","100n","C_0402_1005Metric_Pad0.74x0.62mm_HandSolder",-100.000000,-52.000000,180.000000,bottom
"C323","100n","C_0402_1005Metric_Pad0.74x0.62mm_HandSolder",-103.000000,-52.000000,180.000000,bottom
"C324","100n","C_0402_1005Metric_Pad0.74x0.62mm_HandSolder",-106.000000,-52.000000,180.000000,bottom
"C325","100n","C_0402_1005Metric_Pad0.74x0.62mm_HandSolder",-109.000000,-52.000000,180.000000,bottom
"C326","100n","C_0402_1005Metric_Pad0.74x0.62mm_HandSolder",-37.000000,-55.000000,180.000000,bottom
"C327","100n","C_0402_1005Metric_Pad0.74x0.62mm_HandSolder",-40.000000,-55.000000,180.000000,bottom
"C328","100n","C_0402_1005Metric_Pad0.74x0.62mm_HandSolder",-43.000000,-55.000000,180.000000,bottom
"C329","100n","C_0402_1005Metric_Pad0.74x0.62mm_HandSolder",-46.000000,-55.000000,180.000000,bottom
"C330","100n","C_0402_1005Metric_Pad0.74x0.62mm_HandSolder",-49.000000,-55.000000,180.000000,bottom
"C331","100n","C_0402_1005Metric_Pad0.74x0.62mm_HandSolder",-52.000000,-55.000000,180.000000,bottom
"C332","100n","C_0402_1005Metric_Pad0.74x0.62mm_HandSolder",-55.000000,-55.000000,180.000000,bottom
"C333","100n","C_0402_1005Metric_Pad0.74x0.62mm_HandSolder",-58.000000,-55.000000,180.000000,bottom
"C334","100n","C_0402_1005Metric_Pad0.74x0.62mm_HandSolder",-61.000000,-55.000000,180.000000,bottom
"C335","100n","C_0402_1005Metric_Pad0.74x0.62mm_HandSolder",-64.000000,-55.000000,180.000000,bottom
"C336","100n","C_0402_1005Metric_Pad0.74x0.62mm_HandSolder",-67.000000,-55.000000,180.000000,bottom
"C337","100n","C_0402_1005Metric_Pad0.74x0.62mm_HandSolder",-70.000000,-55.000000,180.000000,bottom
"C338","100n","C_0402_1005Metric_Pad0.74x0.62mm_HandSolder",-73.000000,-55.000000,180.000000,bottom
"C339","100n","C_0402_1005Metric_Pad0.74x0.62mm_HandSolder",-76.000000,-55.000000,180.000000,bottom
"C340","100n","C_0402_1005Metric_Pad0.74x0.62mm_HandSolder",-79.000000,-55.000000,180.000000,bottom
"C341","100n","C_0402_1005Metric_Pad0.74x0.62mm_HandSolder",-82.000000,-55.000000,180.000000,bottom
"C342","100n","C_0402_1005Metric_Pad0.74x0.62mm_HandSolder",-85.000000,-55.000000,180.000000,bottom
"C343","100n","C_0402_1005Metric_Pad0.74x0.62mm_HandSolder",-88.000000,-55.000000,180.000000,bottom
"C344","100n","C_0402_1005Metric_Pad0.74x0.62mm_HandSolder",-91.000000,-55.000000,180.000000,bottom
"C345","100n","C_0402_1005Metric_Pad0.74x0.62mm_HandSolder",-94.000000,-55.000000,180.000000,bottom
"C346","100n","C_0402_1005Metric_Pad0.74x0.62mm_HandSolder",-97.000000,-55.000000,180.000000,bottom
"C347","100n","C_0402_1005Metric_Pad0.74x0.62mm_HandSolder",-100.000000,-55.000000,180.000000,bottom
"C348","100n","C_0402_1005Metric_Pad0.74x0.62mm_HandSolder",-103.000000,-55.000000,180.000000,bottom
"C349","100n","C_0402_1005Metric_Pad0.74x0.62mm_HandSolder",-106.000000,-55.000000,180.000000,bottom
"C350","100n","C_0402_1005Metric_Pad0.74x0.62mm_HandSolder",-109.000000,-55.000000,180.000000,bottom
"C351","100n","C_0402_1005Metric_Pad0.74x0.62mm_HandSolder",-37.000000,-58.000000,180.000000,bottom
"C352","100n","C_0402_1005Metric_Pad0.74x0.62mm_HandSolder",-40.000000,-58.000000,180.000000,bottom
"C353","100n","C_0402_1005Metric_Pad0.74x0.62mm_HandSolder",-43.000000,-58.000000,180.000000,bottom
"C354","100n","C_0402_1005Metric_Pad0.74x0.62mm_HandSolder",-46.000000,-58.000000,180.000000,bottom
"C355","100n","C_0402_1005Metric_Pad0.74x0.62mm_HandSolder",-49.000000,-58.000000,180.000000,bottom
"C356","100n","C_0402_1005Metric_Pad0.74x0.62mm_HandSolder",-52.000000,-58.000000,180.000000,bottom
"C357","100n","C_0402_1005Metric_Pad0.74x0.62mm_HandSolder",-55.000000,-58.000000,180.000000,bottom
"C358","100n","C_0402_1005Metric_Pad0.74x0.62mm_HandSolder",-58.000000,-58.000000,180.000000,bottom
"C359","100n","C_0402_1005Metric_Pad0.74x0.62mm_HandSolder",-61.000000,-58.000000,180.000000,bottom
"C360","100n","C_0402_1005Metric_Pad0.74x0.62mm_HandSolder",-64.000000,-58.000000,180.000000,bottom
"C361","100n","C_0402_1005Metric_Pad0.74x0.62mm_HandSolder",-67.000000,-58.000000,180.000000,bottom
"C362","100n","C_0402_1005Metric_Pad0.74x0.62mm_HandSolder",-70.000000,-58.000000,180.000000,bottom
"C363","100n","C_0402_1005Metric_Pad0.74x0.62mm_HandSolder",-73.000000,-58.000000,180.000000,bottom
"C364","100n","C_0402_1005Metric_Pad0.74x0.62mm_HandSolder",-76.000000,-58.000000,180.000000,bottom
"C365","100n","C_0402_1005Metric_Pad0.74x0.62mm_HandSolder",-79.000000,-58.000000,180.000000,bottom
"C366","100n","C_0402_1005Metric_Pad0.74x0.62mm_HandSolder",-82.000000,-58.000000,180.000000,bottom
"C367","100n","C_0402_1005Metric_Pad0.74x0.62mm_HandSolder",-85.000000,-58.000000,180.000000,bottom
"C368","100n","C_0402_1005Metric_Pad0.74x0.62mm_HandSolder",-88.000000,-58.000000,180.000000,bottom
"C369","100n","C_0402_1005Metric_Pad0.74x0.62mm_HandSolder",-91.000000,-58.000000,180.000000,bottom
"C370","100n","C_0402_1005Metric_Pad0.74x0.62mm_HandSolder",-94.000000,-58.000000,180.000000,bottom
"C371","100n","C_0402_1005Metric_Pad0.74x0.62mm_HandSolder",-97.000000,-58.000000,180.000000,bottom
"C372","100n","C_0402_1005Metric_Pad0.74x0.62mm_HandSolder",-100.000000,-58.000000,180.000000,bottom
"C373","100n","C_0402_1005Metric_Pad0.74x0.62mm_HandSolder",-103.000000,-58.000000,180.000000,bottom
"C374","100n","C_0402_1005Metric_Pad0.74x0.62mm_HandSolder",-106.000000,-58.000000,180.000000,bottom
"C375","100n","C_0402_1005Metric_Pad0.74x0.62mm_HandSolder",-109.000000,-58.000000,180.000000,bottom
"C399","33u","C_1210_3225Metric",-13.900000,-27.200000,-90.000000,bottom
"C400","33u","C_1210_3225Metric",-13.900000,-31.700000,90.000000,bottom
"C402","4.7u","C_0805_2012Metric",-23.400000,-54.500000,90.000000,bottom
"C403","4.7u","C_0805_2012Metric",-27.400000,-50.600000,180.000000,bottom
"J1","Conn_ST_STDC14","PinSocket_2x05_P1.27mm_Vertical_SMD",-29.000000,-16.000000,90.000000,bottom
"L1","6.8u","L_Vishay_IHLP-2525",-19.200000,-31.300000,90.000000,bottom
"L2","1u","L_Vishay_IHLP-4040",-19.500000,-47.000000,0.000000,bottom
"Q2","FDN335N","SOT-23",-15.000000,-38.500000,-90.000000,bottom
"U4","W25Q128JVS","SOIC-8_5.23x5.23mm_P1.27mm",-32.100000,-44.800000,-90.000000,bottom
"U5","TPS54331","SOIC-8-1EP_3.9x4.9mm_P1.27mm_EP2.29x3mm_ThermalVias",-21.400000,-38.300000,180.000000,bottom
"C376","100n","C_0402_1005Metric_Pad0.74x0.62mm_HandSolder",29.700000,-22.000000,135.000000,top
"C377","1u","C_0603_1608Metric",30.900000,-21.400000,135.000000,top
"C378","100n","C_0402_1005Metric_Pad0.74x0.62mm_HandSolder",20.800000,-21.900000,45.000000,top
"C379","1u","C_0603_1608Metric",19.600000,-21.300000,45.000000,top
"C380","100n","C_0402_1005Metric_Pad0.74x0.62mm_HandSolder",26.100000,-18.400000,-45.000000,top
"C381","1u","C_0603_1608Metric",26.700000,-17.200000,-45.000000,top
"C382","100n","C_0402_1005Metric_Pad0.74x0.62mm_HandSolder",23.300000,-26.000000,135.000000,top
"C383","1u","C_0603_1608Metric",22.700000,-27.200000,135.000000,top
"C388","100n","C_0402_1005Metric_Pad0.74x0.62mm_HandSolder",33.300000,-16.000000,90.000000,top
"C393","100n","C_0402_1005Metric_Pad0.74x0.62mm_HandSolder",33.800000,-52.000000,180.000000,top
"C394","100n","C_0402_1005Metric_Pad0.74x0.62mm_HandSolder",33.800000,-53.600000,180.000000,top
"C395","100n","C_0402_1005Metric_Pad0.74x0.62mm_HandSolder",31.100000,-27.600000,90.000000,top
"C396","100n","C_0402_1005Metric_Pad0.74x0.62mm_HandSolder",34.000000,-26.000000,0.000000,top
"C397","100n","C_0402_1005Metric_Pad0.74x0.62mm_HandSolder",29.300000,-48.000000,-90.000000,top
"C398","100n","C_0402_1005Metric_Pad0.74x0.62mm_HandSolder",23.100000,-34.900000,-90.000000,top
"C401","100n","C_0402_1005Metric_Pad0.74x0.62mm_HandSolder",14.300000,-31.400000,90.000000,top
"C404","100n","C_0402_1005Metric_Pad0.74x0.62mm_HandSolder",24.800000,-52.800000,-90.000000,top
"C405","10n","C_0402_1005Metric_Pad0.74x0.62mm_HandSolder",20.900000,-42.000000,90.000000,top
"C406","1n","C_0402_1005Metric_Pad0.74x0.62mm_HandSolder",17.700000,-38.300000,-90.000000,top
"C407","47p","C_0402_1005Metric_Pad0.74x0.62mm_HandSolder",18.700000,-38.300000,-90.000000,top
"C408","100n","C_0402_1005Metric_Pad0.74x0.62mm_HandSolder",24.800000,-31.300000,0.000000,top
"C409","4.7u","C_0805_2012Metric",20.100000,-47.500000,180.000000,top
"C410","4.7u","C_0805_2012Metric",14.500000,-50.500000,90.000000,top
"C411","100n","C_0402_1005Metric_Pad0.74x0.62mm_HandSolder",19.000000,-45.200000,-90.000000,top
"C412","100n","C_0402_1005Metric_Pad0.74x0.62mm_HandSolder",20.000000,-45.200000,90.000000,top
"C413","33u","C_1210_3225Metric",26.000000,-48.000000,180.000000,top
"C414","33u","C_1210_3225Metric",26.000000,-44.500000,180.000000,top
"C415","33u","C_1210_3225Metric",26.000000,-41.000000,180.000000,top
"C416","100n","C_0402_1005Metric_Pad0.74x0.62mm_HandSolder",22.500000,-42.300000,0.000000,top
"C417","100n","C_0402_1005Metric_Pad0.74x0.62mm_HandSolder",22.500000,-41.300000,0.000000,top
"C418","2.2u","C_0402_1005Metric_Pad0.74x0.62mm_HandSolder",13.200000,-40.500000,-90.000000,top
"D1","SK9822","SK9822_2020",37.000000,-16.000000,-90.000000,top
"D2","SK9822","SK9822_2020",40.000000,-16.000000,-90.000000,top
"D3","SK9822","SK9822_2020",43.000000,-16.000000,-90.000000,top
"D4","SK9822","SK9822_2020",46.000000,-16.000000,-90.000000,top
"D5","SK9822","SK9822_2020",49.000000,-16.000000,-90.000000,top
"D6","SK9822","SK9822_2020",52.000000,-16.000000,-90.000000,top
"D7","SK9822","SK9822_2020",55.000000,-16.000000,-90.000000,top
"D8","SK9822","SK9822_2020",58.000000,-16.000000,-90.000000,top
"D9","SK9822","SK9822_2020",61.000000,-16.000000,-90.000000,top
"D10","SK9822","SK9822_2020",64.000000,-16.000000,-90.000000,top
"D11","SK9822","SK9822_2020",67.000000,-16.000000,-90.000000,top
"D12","SK9822","SK9822_2020",70.000000,-16.000000,-90.000000,top
"D13","SK9822","SK9822_2020",73.000000,-16.000000,-90.000000,top
"D14","SK9822","SK9822_2020",76.000000,-16.000000,-90.000000,top
"D15","SK9822","SK9822_2020",79.000000,-16.000000,-90.000000,top
"D16","SK9822","SK9822_2020",82.000000,-16.000000,-90.000000,top
"D17","SK9822","SK9822_2020",85.000000,-16.000000,-90.000000,top
"D18","SK9822","SK9822_2020",88.000000,-16.000000,-90.000000,top
"D19","SK9822","SK9822_2020",91.000000,-16.000000,-90.000000,top
"D20","SK9822","SK9822_2020",94.000000,-16.000000,-90.000000,top
"D21","SK9822","SK9822_2020",97.000000,-16.000000,-90.000000,top
"D22","SK9822","SK9822_2020",100.000000,-16.000000,-90.000000,top
"D23","SK9822","SK9822_2020",103.000000,-16.000000,-90.000000,top
"D24","SK9822","SK9822_2020",106.000000,-16.000000,-90.000000,top
"D25","SK9822","SK9822_2020",109.000000,-16.000000,-90.000000,top
"D26","SK9822","SK9822_2020",37.000000,-19.000000,-90.000000,top
"D27","SK9822","SK9822_2020",40.000000,-19.000000,-90.000000,top
"D28","SK9822","SK9822_2020",43.000000,-19.000000,-90.000000,top
"D29","SK9822","SK9822_2020",46.000000,-19.000000,-90.000000,top
"D30","SK9822","SK9822_2020",49.000000,-19.000000,-90.000000,top
"D31","SK9822","SK9822_2020",52.000000,-19.000000,-90.000000,top
"D32","SK9822","SK9822_2020",55.000000,-19.000000,-90.000000,top
"D33","SK9822","SK9822_2020",58.000000,-19.000000,-90.000000,top
"D34","SK9822","SK9822_2020",61.000000,-19.000000,-90.000000,top
"D35","SK9822","SK9822_2020",64.000000,-19.000000,-90.000000,top
"D36","SK9822","SK9822_2020",67.000000,-19.000000,-90.000000,top
"D37","SK9822","SK9822_2020",70.000000,-19.000000,-90.000000,top
"D38","SK9822","SK9822_2020",73.000000,-19.000000,-90.000000,top
"D39","SK9822","SK9822_2020",76.000000,-19.000000,-90.000000,top
"D40","SK9822","SK9822_2020",79.000000,-19.000000,-90.000000,top
"D41","SK9822","SK9822_2020",82.000000,-19.000000,-90.000000,top
"D42","SK9822","SK9822_2020",85.000000,-19.000000,-90.000000,top
"D43","SK9822","SK9822_2020",88.000000,-19.000000,-90.000000,top
"D44","SK9822","SK9822_2020",91.000000,-19.000000,-90.000000,top
"D45","SK9822","SK9822_2020",94.000000,-19.000000,-90.000000,top
"D46","SK9822","SK9822_2020",97.000000,-19.000000,-90.000000,top
"D47","SK9822","SK9822_2020",100.000000,-19.000000,-90.000000,top
"D48","SK9822","SK9822_2020",103.000000,-19.000000,-90.000000,top
"D49","SK9822","SK9822_2020",106.000000,-19.000000,-90.000000,top
"D50","SK9822","SK9822_2020",109.000000,-19.000000,-90.000000,top
"D51","SK9822","SK9822_2020",37.000000,-22.000000,-90.000000,top
"D52","SK9822","SK9822_2020",40.000000,-22.000000,-90.000000,top
"D53","SK9822","SK9822_2020",43.000000,-22.000000,-90.000000,top
"D54","SK9822","SK9822_2020",46.000000,-22.000000,-90.000000,top
"D55","SK9822","SK9822_2020",49.000000,-22.000000,-90.000000,top
"D56","SK9822","SK9822_2020",52.000000,-22.000000,-90.000000,top
"D57","SK9822","SK9822_2020",55.000000,-22.000000,-90.000000,top
"D58","SK9822","SK9822_2020",58.000000,-22.000000,-90.000000,top
"D59","SK9822","SK9822_2020",61.000000,-22.000000,-90.000000,top
"D60","SK9822","SK9822_2020",64.000000,-22.000000,-90.000000,top
"D61","SK9822","SK9822_2020",67.000000,-22.000000,-90.000000,top
"D62","SK9822","SK9822_2020",70.000000,-22.000000,-90.000000,top
"D63","SK9822","SK9822_2020",73.000000,-22.000000,-90.000000,top
"D64","SK9822","SK9822_2020",76.000000,-22.000000,-90.000000,top
"D65","SK9822","SK9822_2020",79.000000,-22.000000,-90.000000,top
"D66","SK9822","SK9822_2020",82.000000,-22.000000,-90.000000,top
"D67","SK9822","SK9822_2020",85.000000,-22.000000,-90.000000,top
"D68","SK9822","SK9822_2020",88.000000,-22.000000,-90.000000,top
"D69","SK9822","SK9822_2020",91.000000,-22.000000,-90.000000,top
"D70","SK9822","SK9822_2020",94.000000,-22.000000,-90.000000,top
"D71","SK9822","SK9822_2020",97.000000,-22.000000,-90.000000,top
"D72","SK9822","SK9822_2020",100.000000,-22.000000,-90.000000,top
"D73","SK9822","SK9822_2020",103.000000,-22.000000,-90.000000,top
"D74","SK9822","SK9822_2020",106.000000,-22.000000,-90.000000,top
"D75","SK9822","SK9822_2020",109.000000,-22.000000,-90.000000,top
"D76","SK9822","SK9822_2020",37.000000,-25.000000,-90.000000,top
"D77","SK9822","SK9822_2020",40.000000,-25.000000,-90.000000,top
"D78","SK9822","SK9822_2020",43.000000,-25.000000,-90.000000,top
"D79","SK9822","SK9822_2020",46.000000,-25.000000,-90.000000,top
"D80","SK9822","SK9822_2020",49.000000,-25.000000,-90.000000,top
"D81","SK9822","SK9822_2020",52.000000,-25.000000,-90.000000,top
"D82","SK9822","SK9822_2020",55.000000,-25.000000,-90.000000,top
"D83","SK9822","SK9822_2020",58.000000,-25.000000,-90.000000,top
"D84","SK9822","SK9822_2020",61.000000,-25.000000,-90.000000,top
"D85","SK9822","SK9822_2020",64.000000,-25.000000,-90.000000,top
"D86","SK9822","SK9822_2020",67.000000,-25.000000,-90.000000,top
"D87","SK9822","SK9822_2020",70.000000,-25.000000,-90.000000,top
"D88","SK9822","SK9822_2020",73.000000,-25.000000,-90.000000,top
"D89","SK9822","SK9822_2020",76.000000,-25.000000,-90.000000,top
"D90","SK9822","SK9822_2020",79.000000,-25.000000,-90.000000,top
"D91","SK9822","SK9822_2020",82.000000,-25.000000,-90.000000,top
"D92","SK9822","SK9822_2020",85.000000,-25.000000,-90.000000,top
"D93","SK9822","SK9822_2020",88.000000,-25.000000,-90.000000,top
"D94","SK9822","SK9822_2020",91.000000,-25.000000,-90.000000,top
"D95","SK9822","SK9822_2020",94.000000,-25.000000,-90.000000,top
"D96","SK9822","SK9822_2020",97.000000,-25.000000,-90.000000,top
"D97","SK9822","SK9822_2020",100.000000,-25.000000,-90.000000,top
"D98","SK9822","SK9822_2020",103.000000,-25.000000,-90.000000,top
"D99","SK9822","SK9822_2020",106.000000,-25.000000,-90.000000,top
"D100","SK9822","SK9822_2020",109.000000,-25.000000,-90.000000,top
"D101","SK9822","SK9822_2020",37.000000,-28.000000,-90.000000,top
"D102","SK9822","SK9822_2020",40.000000,-28.000000,-90.000000,top
"D103","SK9822","SK9822_2020",43.000000,-28.000000,-90.000000,top
"D104","SK9822","SK9822_2020",46.000000,-28.000000,-90.000000,top
"D105","SK9822","SK9822_2020",49.000000,-28.000000,-90.000000,top
"D106","SK9822","SK9822_2020",52.000000,-28.000000,-90.000000,top
"D107","SK9822","SK9822_2020",55.000000,-28.000000,-90.000000,top
"D108","SK9822","SK9822_2020",58.000000,-28.000000,-90.000000,top
"D109","SK9822","SK9822_2020",61.000000,-28.000000,-90.000000,top
"D110","SK9822","SK9822_2020",64.000000,-28.000000,-90.000000,top
"D111","SK9822","SK9822_2020",67.000000,-28.000000,-90.000000,top
"D112","SK9822","SK9822_2020",70.000000,-28.000000,-90.000000,top
"D113","SK9822","SK9822_2020",73.000000,-28.000000,-90.000000,top
"D114","SK9822","SK9822_2020",76.000000,-28.000000,-90.000000,top
"D115","SK9822","SK9822_2020",79.000000,-28.000000,-90.000000,top
"D116","SK9822","SK9822_2020",82.000000,-28.000000,-90.000000,top
"D117","SK9822","SK9822_2020",85.000000,-28.000000,-90.000000,top
"D118","SK9822","SK9822_2020",88.000000,-28.000000,-90.000000,top
"D119","SK9822","SK9822_2020",91.000000,-28.000000,-90.000000,top
"D120","SK9822","SK9822_2020",94.000000,-28.000000,-90.000000,top
"D121","SK9822","SK9822_2020",97.000000,-28.000000,-90.000000,top
"D122","SK9822","SK9822_2020",100.000000,-28.000000,-90.000000,top
"D123","SK9822","SK9822_2020",103.000000,-28.000000,-90.000000,top
"D124","SK9822","SK9822_2020",106.000000,-28.000000,-90.000000,top
"D125","SK9822","SK9822_2020",109.000000,-28.000000,-90.000000,top
"D126","SK9822","SK9822_2020",37.000000,-31.000000,-90.000000,top
"D127","SK9822","SK9822_2020",40.000000,-31.000000,-90.000000,top
"D128","SK9822","SK9822_2020",43.000000,-31.000000,-90.000000,top
"D129","SK9822","SK9822_2020",46.000000,-31.000000,-90.000000,top
"D130","SK9822","SK9822_2020",49.000000,-31.000000,-90.000000,top
"D131","SK9822","SK9822_2020",52.000000,-31.000000,-90.000000,top
"D132","SK9822","SK9822_2020",55.000000,-31.000000,-90.000000,top
"D133","SK9822","SK9822_2020",58.000000,-31.000000,-90.000000,top
"D134","SK9822","SK9822_2020",61.000000,-31.000000,-90.000000,top
"D135","SK9822","SK9822_2020",64.000000,-31.000000,-90.000000,top
"D136","SK9822","SK9822_2020",67.000000,-31.000000,-90.000000,top
"D137","SK9822","SK9822_2020",70.000000,-31.000000,-90.000000,top
"D138","SK9822","SK9822_2020",73.000000,-31.000000,-90.000000,top
"D139","SK9822","SK9822_2020",76.000000,-31.000000,-90.000000,top
"D140","SK9822","SK9822_2020",79.000000,-31.000000,-90.000000,top
"D141","SK9822","SK9822_2020",82.000000,-31.000000,-90.000000,top
"D142","SK9822","SK9822_2020",85.000000,-31.000000,-90.000000,top
"D143","SK9822","SK9822_2020",88.000000,-31.000000,-90.000000,top
"D144","SK9822","SK9822_2020",91.000000,-31.000000,-90.000000,top
"D145","SK9822","SK9822_2020",94.000000,-31.000000,-90.000000,top
"D146","SK9822","SK9822_2020",97.000000,-31.000000,-90.000000,top
"D147","SK9822","SK9822_2020",100.000000,-31.000000,-90.000000,top
"D148","SK9822","SK9822_2020",103.000000,-31.000000,-90.000000,top
"D149","SK9822","SK9822_2020",106.000000,-31.000000,-90.000000,top
"D150","SK9822","SK9822_2020",109.000000,-31.000000,-90.000000,top
"D151","SK9822","SK9822_2020",37.000000,-34.000000,-90.000000,top
"D152","SK9822","SK9822_2020",40.000000,-34.000000,-90.000000,top
"D153","SK9822","SK9822_2020",43.000000,-34.000000,-90.000000,top
"D154","SK9822","SK9822_2020",46.000000,-34.000000,-90.000000,top
"D155","SK9822","SK9822_2020",49.000000,-34.000000,-90.000000,top
"D156","SK9822","SK9822_2020",52.000000,-34.000000,-90.000000,top
"D157","SK9822","SK9822_2020",55.000000,-34.000000,-90.000000,top
"D158","SK9822","SK9822_2020",58.000000,-34.000000,-90.000000,top
"D159","SK9822","SK9822_2020",61.000000,-34.000000,-90.000000,top
"D160","SK9822","SK9822_2020",64.000000,-34.000000,-90.000000,top
"D161","SK9822","SK9822_2020",67.000000,-34.000000,-90.000000,top
"D162","SK9822","SK9822_2020",70.000000,-34.000000,-90.000000,top
"D163","SK9822","SK9822_2020",73.000000,-34.000000,-90.000000,top
"D164","SK9822","SK9822_2020",76.000000,-34.000000,-90.000000,top
"D165","SK9822","SK9822_2020",79.000000,-34.000000,-90.000000,top
"D166","SK9822","SK9822_2020",82.000000,-34.000000,-90.000000,top
"D167","SK9822","SK9822_2020",85.000000,-34.000000,-90.000000,top
"D168","SK9822","SK9822_2020",88.000000,-34.000000,-90.000000,top
"D169","SK9822","SK9822_2020",91.000000,-34.000000,-90.000000,top
"D170","SK9822","SK9822_2020",94.000000,-34.000000,-90.000000,top
"D171","SK9822","SK9822_2020",97.000000,-34.000000,-90.000000,top
"D172","SK9822","SK9822_2020",100.000000,-34.000000,-90.000000,top
"D173","SK9822","SK9822_2020",103.000000,-34.000000,-90.000000,top
"D174","SK9822","SK9822_2020",106.000000,-34.000000,-90.000000,top
"D175","SK9822","SK9822_2020",109.000000,-34.000000,-90.000000,top
"D176","SK9822","SK9822_2020",37.000000,-37.000000,-90.000000,top
"D177","SK9822","SK9822_2020",40.000000,-37.000000,-90.000000,top
"D178","SK9822","SK9822_2020",43.000000,-37.000000,-90.000000,top
"D179","SK9822","SK9822_2020",46.000000,-37.000000,-90.000000,top
"D180","SK9822","SK9822_2020",49.000000,-37.000000,-90.000000,top
"D181","SK9822","SK9822_2020",52.000000,-37.000000,-90.000000,top
"D182","SK9822","SK9822_2020",55.000000,-37.000000,-90.000000,top
"D183","SK9822","SK9822_2020",58.000000,-37.000000,-90.000000,top
"D184","SK9822","SK9822_2020",61.000000,-37.000000,-90.000000,top
"D185","SK9822","SK9822_2020",64.000000,-37.000000,-90.000000,top
"D186","SK9822","SK9822_2020",67.000000,-37.000000,-90.000000,top
"D187","SK9822","SK9822_2020",70.000000,-37.000000,-90.000000,top
"D188","SK9822","SK9822_2020",73.000000,-37.000000,-90.000000,top
"D189","SK9822","SK9822_2020",76.000000,-37.000000,-90.000000,top
"D190","SK9822","SK9822_2020",79.000000,-37.000000,-90.000000,top
"D191","SK9822","SK9822_2020",82.000000,-37.000000,-90.000000,top
"D192","SK9822","SK9822_2020",85.000000,-37.000000,-90.000000,top
"D193","SK9822","SK9822_2020",88.000000,-37.000000,-90.000000,top
"D194","SK9822","SK9822_2020",91.000000,-37.000000,-90.000000,top
"D195","SK9822","SK9822_2020",94.000000,-37.000000,-90.000000,top
"D196","SK9822","SK9822_2020",97.000000,-37.000000,-90.000000,top
"D197","SK9822","SK9822_2020",100.000000,-37.000000,-90.000000,top
"D198","SK9822","SK9822_2020",103.000000,-37.000000,-90.000000,top
"D199","SK9822","SK9822_2020",106.000000,-37.000000,-90.000000,top
"D200","SK9822","SK9822_2020",109.000000,-37.000000,-90.000000,top
"D201","SK9822","SK9822_2020",37.000000,-40.000000,-90.000000,top
"D202","SK9822","SK9822_2020",40.000000,-40.000000,-90.000000,top
"D203","SK9822","SK9822_2020",43.000000,-40.000000,-90.000000,top
"D204","SK9822","SK9822_2020",46.000000,-40.000000,-90.000000,top
"D205","SK9822","SK9822_2020",49.000000,-40.000000,-90.000000,top
"D206","SK9822","SK9822_2020",52.000000,-40.000000,-90.000000,top
"D207","SK9822","SK9822_2020",55.000000,-40.000000,-90.000000,top
"D208","SK9822","SK9822_2020",58.000000,-40.000000,-90.000000,top
"D209","SK9822","SK9822_2020",61.000000,-40.000000,-90.000000,top
"D210","SK9822","SK9822_2020",64.000000,-40.000000,-90.000000,top
"D211","SK9822","SK9822_2020",67.000000,-40.000000,-90.000000,top
"D212","SK9822","SK9822_2020",70.000000,-40.000000,-90.000000,top
"D213","SK9822","SK9822_2020",73.000000,-40.000000,-90.000000,top
"D214","SK9822","SK9822_2020",76.000000,-40.000000,-90.000000,top
"D215","SK9822","SK9822_2020",79.000000,-40.000000,-90.000000,top
"D216","SK9822","SK9822_2020",82.000000,-40.000000,-90.000000,top
"D217","SK9822","SK9822_2020",85.000000,-40.000000,-90.000000,top
"D218","SK9822","SK9822_2020",88.000000,-40.000000,-90.000000,top
"D219","SK9822","SK9822_2020",91.000000,-40.000000,-90.000000,top
"D220","SK9822","SK9822_2020",94.000000,-40.000000,-90.000000,top
"D221","SK9822","SK9822_2020",97.000000,-40.000000,-90.000000,top
"D222","SK9822","SK9822_2020",100.000000,-40.000000,-90.000000,top
"D223","SK9822","SK9822_2020",103.000000,-40.000000,-90.000000,top
"D224","SK9822","SK9822_2020",106.000000,-40.000000,-90.000000,top
"D225","SK9822","SK9822_2020",109.000000,-40.000000,-90.000000,top
"D226","SK9822","SK9822_2020",37.000000,-43.000000,-90.000000,top
"D227","SK9822","SK9822_2020",40.000000,-43.000000,-90.000000,top
"D228","SK9822","SK9822_2020",43.000000,-43.000000,-90.000000,top
"D229","SK9822","SK9822_2020",46.000000,-43.000000,-90.000000,top
"D230","SK9822","SK9822_2020",49.000000,-43.000000,-90.000000,top
"D231","SK9822","SK9822_2020",52.000000,-43.000000,-90.000000,top
"D232","SK9822","SK9822_2020",55.000000,-43.000000,-90.000000,top
"D233","SK9822","SK9822_2020",58.000000,-43.000000,-90.000000,top
"D234","SK9822","SK9822_2020",61.000000,-43.000000,-90.000000,top
"D235","SK9822","SK9822_2020",64.000000,-43.000000,-90.000000,top
"D236","SK9822","SK9822_2020",67.000000,-43.000000,-90.000000,top
"D237","SK9822","SK9822_2020",70.000000,-43.000000,-90.000000,top
"D238","SK9822","SK9822_2020",73.000000,-43.000000,-90.000000,top
"D239","SK9822","SK9822_2020",76.000000,-43.000000,-90.000000,top
"D240","SK9822","SK9822_2020",79.000000,-43.000000,-90.000000,top
"D241","SK9822","SK9822_2020",82.000000,-43.000000,-90.000000,top
"D242","SK9822","SK9822_2020",85.000000,-43.000000,-90.000000,top
"D243","SK9822","SK9822_2020",88.000000,-43.000000,-90.000000,top
"D244","SK9822","SK9822_2020",91.000000,-43.000000,-90.000000,top
"D245","SK9822","SK9822_2020",94.000000,-43.000000,-90.000000,top
"D246","SK9822","SK9822_2020",97.000000,-43.000000,-90.000000,top
"D247","SK9822","SK9822_2020",100.000000,-43.000000,-90.000000,top
"D248","SK9822","SK9822_2020",103.000000,-43.000000,-90.000000,top
"D249","SK9822","SK9822_2020",106.000000,-43.000000,-90.000000,top
"D250","SK9822","SK9822_2020",109.000000,-43.000000,-90.000000,top
"D251","SK9822","SK9822_2020",37.000000,-46.000000,-90.000000,top
"D252","SK9822","SK9822_2020",40.000000,-46.000000,-90.000000,top
"D253","SK9822","SK9822_2020",43.000000,-46.000000,-90.000000,top
"D254","SK9822","SK9822_2020",46.000000,-46.000000,-90.000000,top
"D255","SK9822","SK9822_2020",49.000000,-46.000000,-90.000000,top
"D256","SK9822","SK9822_2020",52.000000,-46.000000,-90.000000,top
"D257","SK9822","SK9822_2020",55.000000,-46.000000,-90.000000,top
"D258","SK9822","SK9822_2020",58.000000,-46.000000,-90.000000,top
"D259","SK9822","SK9822_2020",61.000000,-46.000000,-90.000000,top
"D260","SK9822","SK9822_2020",64.000000,-46.000000,-90.000000,top
"D261","SK9822","SK9822_2020",67.000000,-46.000000,-90.000000,top
"D262","SK9822","SK9822_2020",70.000000,-46.000000,-90.000000,top
"D263","SK9822","SK9822_2020",73.000000,-46.000000,-90.000000,top
"D264","SK9822","SK9822_2020",76.000000,-46.000000,-90.000000,top
"D265","SK9822","SK9822_2020",79.000000,-46.000000,-90.000000,top
"D266","SK9822","SK9822_2020",82.000000,-46.000000,-90.000000,top
"D267","SK9822","SK9822_2020",85.000000,-46.000000,-90.000000,top
"D268","SK9822","SK9822_2020",88.000000,-46.000000,-90.000000,top
"D269","SK9822","SK9822_2020",91.000000,-46.000000,-90.000000,top
"D270","SK9822","SK9822_2020",94.000000,-46.000000,-90.000000,top
"D271","SK9822","SK9822_2020",97.000000,-46.000000,-90.000000,top
"D272","SK9822","SK9822_2020",100.000000,-46.000000,-90.000000,top
"D273","SK9822","SK9822_2020",103.000000,-46.000000,-90.000000,top
"D274","SK9822","SK9822_2020",106.000000,-46.000000,-90.000000,top
"D275","SK9822","SK9822_2020",109.000000,-46.000000,-90.000000,top
"D276","SK9822","SK9822_2020",37.000000,-49.000000,-90.000000,top
"D277","SK9822","SK9822_2020",40.000000,-49.000000,-90.000000,top
"D278","SK9822","SK9822_2020",43.000000,-49.000000,-90.000000,top
"D279","SK9822","SK9822_2020",46.000000,-49.000000,-90.000000,top
"D280","SK9822","SK9822_2020",49.000000,-49.000000,-90.000000,top
"D281","SK9822","SK9822_2020",52.000000,-49.000000,-90.000000,top
"D282","SK9822","SK9822_2020",55.000000,-49.000000,-90.000000,top
"D283","SK9822","SK9822_2020",58.000000,-49.000000,-90.000000,top
"D284","SK9822","SK9822_2020",61.000000,-49.000000,-90.000000,top
"D285","SK9822","SK9822_2020",64.000000,-49.000000,-90.000000,top
"D286","SK9822","SK9822_2020",67.000000,-49.000000,-90.000000,top
"D287","SK9822","SK9822_2020",70.000000,-49.000000,-90.000000,top
"D288","SK9822","SK9822_2020",73.000000,-49.000000,-90.000000,top
"D289","SK9822","SK9822_2020",76.000000,-49.000000,-90.000000,top
"D290","SK9822","SK9822_2020",79.000000,-49.000000,-90.000000,top
"D291","SK9822","SK9822_2020",82.000000,-49.000000,-90.000000,top
"D292","SK9822","SK9822_2020",85.000000,-49.000000,-90.000000,top
"D293","SK9822","SK9822_2020",88.000000,-49.000000,-90.000000,top
"D294","SK9822","SK9822_2020",91.000000,-49.000000,-90.000000,top
"D295","SK9822","SK9822_2020",94.000000,-49.000000,-90.000000,top
"D296","SK9822","SK9822_2020",97.000000,-49.000000,-90.000000,top
"D297","SK9822","SK9822_2020",100.000000,-49.000000,-90.000000,top
"D298","SK9822","SK9822_2020",103.000000,-49.000000,-90.000000,top
"D299","SK9822","SK9822_2020",106.000000,-49.000000,-90.000000,top
"D300","SK9822","SK9822_2020",109.000000,-49.000000,-90.000000,top
"D301","SK9822","SK9822_2020",37.000000,-52.000000,-90.000000,top
"D302","SK9822","SK9822_2020",40.000000,-52.000000,-90.000000,top
"D303","SK9822","SK9822_2020",43.000000,-52.000000,-90.000000,top
"D304","SK9822","SK9822_2020",46.000000,-52.000000,-90.000000,top
"D305","SK9822","SK9822_2020",49.000000,-52.000000,-90.000000,top
"D306","SK9822","SK9822_2020",52.000000,-52.000000,-90.000000,top
"D307","SK9822","SK9822_2020",55.000000,-52.000000,-90.000000,top
"D308","SK9822","SK9822_2020",58.000000,-52.000000,-90.000000,top
"D309","SK9822","SK9822_2020",61.000000,-52.000000,-90.000000,top
"D310","SK9822","SK9822_2020",64.000000,-52.000000,-90.000000,top
"D311","SK9822","SK9822_2020",67.000000,-52.000000,-90.000000,top
"D312","SK9822","SK9822_2020",70.000000,-52.000000,-90.000000,top
"D313","SK9822","SK9822_2020",73.000000,-52.000000,-90.000000,top
"D314","SK9822","SK9822_2020",76.000000,-52.000000,-90.000000,top
"D315","SK9822","SK9822_2020",79.000000,-52.000000,-90.000000,top
"D316","SK9822","SK9822_2020",82.000000,-52.000000,-90.000000,top
"D317","SK9822","SK9822_2020",85.000000,-52.000000,-90.000000,top
"D318","SK9822","SK9822_2020",88.000000,-52.000000,-90.000000,top
"D319","SK9822","SK9822_2020",91.000000,-52.000000,-90.000000,top
"D320","SK9822","SK9822_2020",94.000000,-52.000000,-90.000000,top
"D321","SK9822","SK9822_2020",97.000000,-52.000000,-90.000000,top
"D322","SK9822","SK9822_2020",100.000000,-52.000000,-90.000000,top
"D323","SK9822","SK9822_2020",103.000000,-52.000000,-90.000000,top
"D324","SK9822","SK9822_2020",106.000000,-52.000000,-90.000000,top
"D325","SK9822","SK9822_2020",109.000000,-52.000000,-90.000000,top
"D326","SK9822","SK9822_2020",37.000000,-55.000000,-90.000000,top
"D327","SK9822","SK9822_2020",40.000000,-55.000000,-90.000000,top
"D328","SK9822","SK9822_2020",43.000000,-55.000000,-90.000000,top
"D329","SK9822","SK9822_2020",46.000000,-55.000000,-90.000000,top
"D330","SK9822","SK9822_2020",49.000000,-55.000000,-90.000000,top
"D331","SK9822","SK9822_2020",52.000000,-55.000000,-90.000000,top
"D332","SK9822","SK9822_2020",55.000000,-55.000000,-90.000000,top
"D333","SK9822","SK9822_2020",58.000000,-55.000000,-90.000000,top
"D334","SK9822","SK9822_2020",61.000000,-55.000000,-90.000000,top
"D335","SK9822","SK9822_2020",64.000000,-55.000000,-90.000000,top
"D336","SK9822","SK9822_2020",67.000000,-55.000000,-90.000000,top
"D337","SK9822","SK9822_2020",70.000000,-55.000000,-90.000000,top
"D338","SK9822","SK9822_2020",73.000000,-55.000000,-90.000000,top
"D339","SK9822","SK9822_2020",76.000000,-55.000000,-90.000000,top
"D340","SK9822","SK9822_2020",79.000000,-55.000000,-90.000000,top
"D341","SK9822","SK9822_2020",82.000000,-55.000000,-90.000000,top
"D342","SK9822","SK9822_2020",85.000000,-55.000000,-90.000000,top
"D343","SK9822","SK9822_2020",88.000000,-55.000000,-90.000000,top
"D344","SK9822","SK9822_2020",91.000000,-55.000000,-90.000000,top
"D345","SK9822","SK9822_2020",94.000000,-55.000000,-90.000000,top
"D346","SK9822","SK9822_2020",97.000000,-55.000000,-90.000000,top
"D347","SK9822","SK9822_2020",100.000000,-55.000000,-90.000000,top
"D348","SK9822","SK9822_2020",103.000000,-55.000000,-90.000000,top
"D349","SK9822","SK9822_2020",106.000000,-55.000000,-90.000000,top
"D350","SK9822","SK9822_2020",109.000000,-55.000000,-90.000000,top
"D351","SK9822","SK9822_2020",37.000000,-58.000000,-90.000000,top
"D352","SK9822","SK9822_2020",40.000000,-58.000000,-90.000000,top
"D353","SK9822","SK9822_2020",43.000000,-58.000000,-90.000000,top
"D354","SK9822","SK9822_2020",46.000000,-58.000000,-90.000000,top
"D355","SK9822","SK9822_2020",49.000000,-58.000000,-90.000000,top
"D356","SK9822","SK9822_2020",52.000000,-58.000000,-90.000000,top
"D357","SK9822","SK9822_2020",55.000000,-58.000000,-90.000000,top
"D358","SK9822","SK9822_2020",58.000000,-58.000000,-90.000000,top
"D359","SK9822","SK9822_2020",61.000000,-58.000000,-90.000000,top
"D360","SK9822","SK9822_2020",64.000000,-58.000000,-90.000000,top
"D361","SK9822","SK9822_2020",67.000000,-58.000000,-90.000000,top
"D362","SK9822","SK9822_2020",70.000000,-58.000000,-90.000000,top
"D363","SK9822","SK9822_2020",73.000000,-58.000000,-90.000000,top
"D364","SK9822","SK9822_2020",76.000000,-58.000000,-90.000000,top
"D365","SK9822","SK9822_2020",79.000000,-58.000000,-90.000000,top
"D366","SK9822","SK9822_2020",82.000000,-58.000000,-90.000000,top
"D367","SK9822","SK9822_2020",85.000000,-58.000000,-90.000000,top
"D368","SK9822","SK9822_2020",88.000000,-58.000000,-90.000000,top
"D369","SK9822","SK9822_2020",91.000000,-58.000000,-90.000000,top
"D370","SK9822","SK9822_2020",94.000000,-58.000000,-90.000000,top
"D371","SK9822","SK9822_2020",97.000000,-58.000000,-90.000000,top
"D372","SK9822","SK9822_2020",100.000000,-58.000000,-90.000000,top
"D373","SK9822","SK9822_2020",103.000000,-58.000000,-90.000000,top
"D374","SK9822","SK9822_2020",106.000000,-58.000000,-90.000000,top
"D375","SK9822","SK9822_2020",109.000000,-58.000000,-90.000000,top
"D376","BLUE","LED_0603_1608Metric",18.500000,-13.500000,90.000000,top
"D377","GREEN","LED_0603_1608Metric",17.000000,-13.500000,90.000000,top
"D378","GREEN","LED_0603_1608Metric",15.500000,-13.500000,90.000000,top
"D379","RED","LED_0603_1608Metric",14.000000,-13.500000,90.000000,top
"D380","D_Schottky_Small","D_SOD-128",20.500000,-52.000000,-90.000000,top
"D381","D_Schottky_Small","D_SOD-128",20.200000,-36.100000,-55.000000,top
"D382","GREEN","LED_0603_1608Metric",34.500000,-12.600000,180.000000,top
"D383","D_Schottky_Small","D_SOD-128",17.000000,-52.000000,-90.000000,top
"D384","D_Schottky_Small","D_SOD-323",14.300000,-38.300000,0.000000,top
"D385","GREEN","LED_0603_1608Metric",34.500000,-13.800000,0.000000,top
"J2","USB_C_Receptacle","USB_C_Receptacle_XKB_U262-16XN-4BVC11",29.500000,-59.000000,0.000000,top
"J3","Screw_Terminal_01x02","TerminalBlock_TE_282834-2_1x02_P2.54mm_Horizontal",18.770000,-59.500000,180.000000,top
"Q1","FDN335N","SOT-23",33.500000,-32.700000,0.000000,top
"R1","0R DNP","R_0402_1005Metric_Pad0.72x0.64mm_HandSolder",21.000000,-24.600000,45.000000,top
"R2","10K","R_0402_1005Metric_Pad0.72x0.64mm_HandSolder",21.700000,-25.300000,45.000000,top
"R3","330R","R_0402_1005Metric_Pad0.72x0.64mm_HandSolder",18.500000,-16.000000,-90.000000,top
"R4","330R","R_0402_1005Metric_Pad0.72x0.64mm_HandSolder",17.000000,-16.000000,-90.000000,top
"R5","330R","R_0402_1005Metric_Pad0.72x0.64mm_HandSolder",15.500000,-16.000000,-90.000000,top
"R6","330R","R_0402_1005Metric_Pad0.72x0.64mm_HandSolder",14.000000,-16.000000,-90.000000,top
"R7","100K","R_0402_1005Metric_Pad0.72x0.64mm_HandSolder",20.300000,-23.900000,-135.000000,top
"R8","10K","R_0402_1005Metric_Pad0.72x0.64mm_HandSolder",21.500000,-20.300000,135.000000,top
"R10","5K1","R_0402_1005Metric_Pad0.72x0.64mm_HandSolder",24.100000,-58.100000,-90.000000,top
"R11","5K1","R_0402_1005Metric_Pad0.72x0.64mm_HandSolder",34.900000,-58.100000,-90.000000,top
"R12","10K","R_0402_1005Metric_Pad0.72x0.64mm_HandSolder",32.100000,-27.600000,-90.000000,top
"R13","1K","R_0402_1005Metric_Pad0.72x0.64mm_HandSolder",31.900000,-30.500000,180.000000,top
"R14","10K","R_0402_1005Metric_Pad0.72x0.64mm_HandSolder",31.000000,-32.700000,90.000000,top
"R15","10K","R_0402_1005Metric_Pad0.72x0.64mm_HandSolder",33.500000,-39.800000,0.000000,top
"R16","10K","R_0402_1005Metric_Pad0.72x0.64mm_HandSolder",33.300000,-49.800000,0.000000,top
"R17","10K2","R_0402_1005Metric_Pad0.72x0.64mm_HandSolder",17.800000,-40.000000,180.000000,top
"R18","6K","R_0402_1005Metric_Pad0.72x0.64mm_HandSolder",19.900000,-42.000000,90.000000,top
"R19","3K2","R_0402_1005Metric_Pad0.72x0.64mm_HandSolder",20.100000,-40.000000,180.000000,top
"R20","330R","R_0402_1005Metric_Pad0.72x0.64mm_HandSolder",37.200000,-12.600000,0.000000,top
"R21","1K","R_0402_1005Metric_Pad0.72x0.64mm_HandSolder",18.900000,-42.000000,90.000000,top
"R22","29K4","R_0402_1005Metric_Pad0.72x0.64mm_HandSolder",16.700000,-38.300000,90.000000,top
"R23","1K","R_0402_1005Metric_Pad0.72x0.64mm_HandSolder",27.100000,-31.300000,180.000000,top
"R24","2R","R_0402_1005Metric_Pad0.72x0.64mm_HandSolder",21.000000,-45.200000,90.000000,top
"R25","5K","R_0402_1005Metric_Pad0.72x0.64mm_HandSolder",23.100000,-44.000000,-90.000000,top
"R26","3K","R_0402_1005Metric_Pad0.72x0.64mm_HandSolder",15.200000,-40.500000,-90.000000,top
"R27","1K","R_0402_1005Metric_Pad0.72x0.64mm_HandSolder",22.100000,-44.000000,90.000000,top
"R28","1K","R_0402_1005Metric_Pad0.72x0.64mm_HandSolder",16.000000,-35.500000,-90.000000,top
"R29","10K","R_0402_1005Metric_Pad0.72x0.64mm_HandSolder",14.500000,-36.000000,180.000000,top
"R30","1.21R","R_0402_1005Metric_Pad0.72x0.64mm_HandSolder",14.200000,-40.500000,90.000000,top
"R31","8K","R_0402_1005Metric_Pad0.72x0.64mm_HandSolder",22.100000,-58.100000,-90.000000,top
"R32","1K","R_0402_1005Metric_Pad0.72x0.64mm_HandSolder",29.700000,-35.900000,-90.000000,top
"R33","10K","R_0402_1005Metric_Pad0.72x0.64mm_HandSolder",16.200000,-40.500000,-90.000000,top
"R34","1K","R_0402_1005Metric_Pad0.72x0.64mm_HandSolder",14.500000,-35.000000,180.000000,top
"R35","1K","R_0402_1005Metric_Pad0.72x0.64mm_HandSolder",23.100000,-58.100000,90.000000,top
"R36","1K","R_0402_1005Metric_Pad0.72x0.64mm_HandSolder",30.800000,-35.900000,90.000000,top
"R37","330R","R_0402_1005Metric_Pad0.72x0.64mm_HandSolder",37.200000,-13.800000,0.000000,top
"U1","STM32L081KZUx","QFN-32-1EP_5x5mm_P0.5mm_EP3.45x3.45mm",25.200000,-22.700000,45.000000,top
"U2","CH340E","MSOP-10_3x3mm_P0.5mm",29.500000,-53.000000,0.000000,top
"U3","TXB0102DCU","VSSOP-8_2.4x2.1mm_P0.5mm",34.100000,-28.800000,-90.000000,top
"U6","MIC261201","MIC261201",15.600000,-44.985000,0.000000,top
"U7","TMCS1107A2BQDRQ1","SOIC-8_3.9x4.9mm_P1.27mm",26.400000,-35.600000,90.000000,top
